0,1,2,3,4,5,6,7,8,Full_description,Source CSV
Monthly overview of IRI's Global Seasonal Climate Forecasts and ENSO status and forecast,The International Research Institute for Climate and Society (IRI) presents its climate forecast briefing.,2024-01-18 14:00,2024-01-18 15:00,,Online,,TRUE,https://www.climate.columbia.edu/events/monthly-overview-iris-global-seasonal-climate-forecasts-and-enso-status-and-forecast-36,"The International Research Institute for Climate and Society (IRI) presents its climate forecast briefing. The IRI's seasonal, sub-seasonal and ENSO (El Niño Southern Oscillation) forecasts are discussed in this monthly briefing by IRI climate scientists Azhar Ehsan and Bohar Singh.
For more information, please see: https://iri.columbia.edu/our-expertise/climate/
      
                    
                    
                    
                    
                                        
                      Contact Information
                                              
            IRI Seminar
      
                                                                                          
            Seminar@iri.columbia.edu",/Users/raiidahmed/PycharmProjects/Event-Extractor-With-GUI/CSV URL Data/columbia_climate.csv
Monthly overview of IRI's Global Seasonal Climate Forecasts and ENSO status and forecast,The International Research Institute for Climate and Society (IRI) presents its climate forecast briefing.,2023-12-21 14:00,2023-12-21 15:00,Online,,TRUE.,https://www.climate.columbia.edu/events/monthly-overview-iris-global-seasonal-climate-forecasts-and-enso-status-and-forecast-35,,"The International Research Institute for Climate and Society (IRI) presents its climate forecast briefing. The IRI's seasonal, sub-seasonal and ENSO (El Niño Southern Oscillation) forecasts are discussed in this monthly briefing by IRI climate scientists Azhar Ehsan and Bohar Singh.
For more information, please see: https://iri.columbia.edu/our-expertise/climate/
      
                    
                    
                    
                    
                                        
                      Contact Information
                                              
            IRI Seminar
      
                                                                                          
            Seminar@iri.columbia.edu",/Users/raiidahmed/PycharmProjects/Event-Extractor-With-GUI/CSV URL Data/columbia_climate.csv
